OBJECTID_1,OBJECTID,DWR_,SUBBSN_,BAS_SBBSN,GWBASIN,SUBNAME,ACRES,BUDGET_TYP,Regional_O,Shape_Leng,Shape_Le_1,Shape_Area
1,1,9-19,,9-19,TIA JUANA,,   7448.09100000000,A,4,  30362.24447650000,      0.30571005104,      0.00287445514
2,2,9-18,,9-18,OTAY VALLEY,,   6869.39400000000,C,4,  50158.86163150000,      0.51521114096,      0.00265196813
3,3,9-29,,9-29,POTRERO VALLEY,,   2035.31800000000,C,4,  21649.39845090000,      0.21655050823,      0.00078501783
4,4,7-47,,7-47,JACUMBA VALLEY,,   2471.53600000000,A,4,  27114.80390900000,      0.26682883167,      0.00095216451
5,5,9-28,,9-28,CAMPO VALLEY,,   3568.72200000000,C,4,  41940.84125240000,      0.39895550813,      0.00137598665
6,6,9-17,,9-17,SWEETWATER VALLEY,,   5948.95900000000,C,4,  85559.37458540000,      0.84919277022,      0.00229867315
7,7,7-61,,7-61,DAVIES VALLEY,,   3599.93300000000,C,4,  26911.44180280000,      0.26071237180,      0.00138669469
8,8,9-27,,9-27,COTTONWOOD VALLEY,,   3871.11000000000,C,4,  42277.04165300000,      0.40667395930,      0.00149423234
9,9,9-14,,9-14,MISSION VALLEY,,   7386.88300000000,C,4,  72192.12660980001,      0.73275112850,      0.00285785687
10,10,9-16,,9-16,EL CAJON VALLEY,,   7203.05500000000,C,4,  24574.09702590000,      0.24352784303,      0.00278644386
11,11,9-15,,9-15,SAN DIEGO RIVER VALLEY,,   9943.91000000000,C,4,  79016.15673250001,      0.78773782193,      0.00384922781
12,12,7-46,,7-46,CANEBRAKE VALLEY,,   5459.60600000000,C,4,  44918.41734100000,      0.44944089950,      0.00211044294
13,13,7-29,,7-29,COYOTE WELLS VALLEY,, 147087.94500000001,A,4, 210991.73491699999,      2.08552093891,      0.05672790870
14,14,9-13,,9-13,POWAY VALLEY,,   2484.87200000000,C,4,  25707.39950460000,      0.26286169366,      0.00096316939
15,15,9-12,,9-12,SAN DIEGUITO CREEK,,   3577.60300000000,A,4,  31103.62775830000,      0.31269675716,      0.00138777502
16,16,7-59,,7-59,MASON VALLEY,,   5567.18600000000,C,4,  40132.73126180000,      0.40005106899,      0.00215519410
17,17,9-23,,9-23,SAN ELIJO VALLEY,,    887.89900000000,C,4,  14959.52996390000,      0.14393028068,      0.00034460177
18,18,7-28,,7-28,VALLECITO-CARRIZO VALLEY,, 122943.32000000001,C,4, 225921.23621300000,      2.24363492203,      0.04752537224
19,19,9-11,,9-11,SANTA MARIA VALLEY,,  12379.25200000000,A,4,  70472.13736610000,      0.69929748270,      0.00480078646
20,20,7-36,,7-36,YUMA VALLEY,, 121923.18300000000,C,4, 289372.34219400003,      2.83919995106,      0.04831814397
21,21,9-22,,9-22,BATIQUITOS LAGOON VALLEY,,    745.35500000000,C,4,  11441.94689830000,      0.10891742751,      0.00028952939
22,22,9-10,,9-10,SAN PASQUAL VALLEY,,   4563.31200000000,C,4,  46976.93470780000,      0.46573487356,      0.00177108707
23,23,7-35,,7-35,OGILBY VALLEY,, 135017.13200000001,C,4, 186987.09907900001,      1.83973819267,      0.05196093887
24,24,9-32,,9-32,SAN MARCOS AREA,,   2143.56300000000,C,4,  15717.61896240000,      0.15666359630,      0.00083289575
25,25,9-9,,9-9,ESCONDIDO VALLEY,,   2906.33700000000,C,4,  27220.64183950000,      0.27198282966,      0.00112886969
26,26,7-56,,7-56,YAQUI WELL AREA,,  15097.92500000000,C,4,  93903.83748790000,      0.94041004904,      0.00585083187
27,27,9-24,,9-24,PAMO VALLEY,,   1513.52600000000,C,4,  20000.14002440000,      0.18973903608,      0.00058761259
28,28,7-27,,7-27,SAN FELIPE VALLEY,,  23572.54200000000,C,4, 125233.05551900000,      1.24217182326,      0.00913600232
29,29,9-25,,9-25,RANCHITA TOWN AREA,,   3145.54400000000,C,4,  20987.17604000000,      0.21039798759,      0.00122109255
30,30,7-34,,7-34,AMOS VALLEY,, 131583.79999999999,C,4, 199081.34555200001,      1.96147236755,      0.05077737192
31,31,9-8,,9-8,WARNER VALLEY,,  24150.03400000000,C,4,  91335.96603600000,      0.90880898134,      0.00938488990
32,32,7-30,,7-30,IMPERIAL VALLEY,, 969016.64300000004,A,4, 288030.07171900000,      2.88367410849,      0.37352716218
33,33,9-4,,9-4,SANTA MARGARITA VALLEY,,   7997.57200000000,A,4,  68266.57676480000,      0.66199504507,      0.00311420607
34,34,9-7,,9-7,SAN LUIS REY VALLEY,,  29864.50300000000,C,4, 254998.81395200000,      2.54101269032,      0.01162315601
35,35,9-3,,9-3,SAN ONOFRE VALLEY,,   1260.61800000000,A,4,  17623.81010350000,      0.18332003452,      0.00049165091
36,36,7-24,,7-24,BORREGO VALLEY,, 153978.37700000001,A,4, 335869.91554000002,      3.34422667263,      0.05965868073
37,37,7-22,,7-22,WEST SALTON SEA,, 106408.21600000000,C,4,  95270.90478980000,      0.95009216228,      0.04127494805
38,38,7-25,,7-25,OCOTILLO-CLARK VALLEY,, 224415.90800000000,C,4, 258330.87470099999,      2.57574012873,      0.08694705077
39,39,9-2,,9-2,SAN MATEO VALLEY,,   3009.18500000000,A,4,  46442.00241140000,      0.45364030272,      0.00117418617
40,40,7-55,,7-55,COLLINS VALLEY,,   7120.67200000000,C,4,  72211.65905370000,      0.71136271116,      0.00277022608
41,41,7-33,,7-33,EAST SALTON SEA,, 197042.55600000001,C,4, 350408.27440699999,      3.44943778806,      0.07636038483
42,42,7-54,,7-54,BUCK RIDGE FAULT VALLEY,,   6973.60000000000,C,4,  52892.29752610000,      0.53626398821,      0.00271401539
43,43,7-26,,7-26,TERWILLIGER VALLEY,,   8080.58000000000,C,4,  34575.62924900000,      0.34490427206,      0.00314782386
44,44,7-37,,7-37,ARROYO SECO VALLEY,, 259805.72099999999,C,4, 411405.97840099997,      4.04566875857,      0.10051133331
45,45,7-63,,7-63,VANDEVENTER FLAT,,   6786.77800000000,C,4,  44320.74024940000,      0.44948408201,      0.00264466000
46,46,9-6,,9-6,CAHUILLA VALLEY,,  18341.57100000000,C,4,  92930.70337800001,      0.92053576170,      0.00715100225
47,47,9-5,,9-5,TEMECULA VALLEY,,  88338.14900000000,C,4, 246951.40620299999,      2.47588670726,      0.03446381803
48,48,9-1,,9-1,SAN JUAN VALLEY,,  16796.78200000000,C,4, 166372.53816600001,      1.59833629195,      0.00656476572
49,49,7-32,,7-32,CHOCOLATE VALLEY,, 130507.01100000000,C,4, 289889.90374400001,      2.87745094717,      0.05070652790
50,50,8-6,,8-6,HEMET LAKE VALLEY,,  16810.57600000000,C,4,  88303.37331070000,      0.86769215460,      0.00655981995
51,51,7-31,,7-31,OROCOPIA VALLEY,,  97214.25000000000,A,4, 302954.36101100000,      2.99108742730,      0.03784621450
52,52,8-4,,8-4,ELSINORE,,  25873.33000000000,C,4, 117063.92083000000,      1.16055154467,      0.01012327868
53,53,7-38,,7-38,PALO VERDE VALLEY,,  74004.22600000000,A,4, 147498.68279100000,      1.43608392098,      0.02865613572
54,54,8-2,8-2.09,8-2.09,UPPER SANTA ANA VALLEY,TEMESCAL,  23654.43300000000,C,4,  68882.95367400000,      0.68469532667,      0.00927701238
55,55,8-1,,8-1,COASTAL PLAIN OF ORANGE COUNTY,, 223221.74400000001,A,4, 314491.79814000003,      3.14441705876,      0.08750543409
56,56,7-39,,7-39,PALO VERDE MESA,, 228010.05100000001,C,4, 337394.74163900001,      3.34058132032,      0.08846618647
57,57,7-21,7-21.01,7-21.01,COACHELLA VALLEY,INDIO, 299783.55900000001,A,4, 482841.83784900000,      4.82531741180,      0.11690692037
58,58,7-52,,7-52,PLEASANT VALLEY,,   9733.13000000000,C,4,  49167.32509030000,      0.49801466641,      0.00380411414
59,59,4-11,4-11.03,4-11.03,COASTAL PLAIN OF LOS ANGELES,WEST COAST,  91660.63400000001,A,4, 190686.64542900000,      1.87890448636,      0.03683639149
60,60,8-5,,8-5,SAN JACINTO,, 188623.32800000001,C,4, 486753.14287200000,      4.82983605893,      0.07382002666
61,61,7-40,,7-40,QUIEN SABE POINT VALLEY,,  25488.68100000000,C,4,  83967.63314960001,      0.83028671178,      0.00990586223
62,62,7-21,7-21.03,7-21.03,COACHELLA VALLEY,DESERT HOT SPRINGS, 101862.37200000000,C,4, 340115.55128800002,      3.35587105951,      0.03976410406
63,63,4-22,,4-22,MALIBU VALLEY,,    615.26900000000,C,4,   7939.18347122000,      0.07908059513,      0.00024233801
64,64,7-21,7-21.04,7-21.04,COACHELLA VALLEY,SAN GORGONIO PASS,  38823.15600000000,A,4, 168508.39825500001,      1.65865143865,      0.01521143052
65,65,8-2,8-2.08,8-2.08,UPPER SANTA ANA VALLEY,SAN TIMOTEO,  73540.51700000001,A,4, 156310.89679800000,      1.57508816052,      0.02883874709
66,66,7-53,,7-53,HEXIE MOUNTAIN AREA,,  11235.90900000000,C,4,  54465.89368790000,      0.54556460851,      0.00439548700
67,67,4-11,4-11.04,4-11.04,COASTAL PLAIN OF LOS ANGELES,CENTRAL, 180356.73999999999,A,4, 158473.58922699999,      1.57621655237,      0.07088846791
68,68,4-11,4-11.01,4-11.01,COASTAL PLAIN OF LOS ANGELES,SANTA MONICA,  31845.68200000000,C,4,  83612.56840660000,      0.82823088483,      0.01253513983
69,69,7-21,7-21.02,7-21.02,COACHELLA VALLEY,MISSION CREEK,  48966.31300000000,A,4, 176553.56911700001,      1.79921172511,      0.01916773631
70,70,8-2,8-2.07,8-2.07,UPPER SANTA ANA VALLEY,YUCAIPA,  25409.95300000000,A,4,  83503.91334230000,      0.86521733460,      0.00997300722
71,71,8-2,8-2.03,8-2.03,UPPER SANTA ANA VALLEY,RIVERSIDE-ARLINGTON,  58902.59500000000,A,4, 180914.24101000000,      1.79151287246,      0.02312076166
72,72,7-5,,7-5,CHUCKWALLA VALLEY,, 608995.15200000000,C,4, 929457.96851399995,      9.27244389990,      0.23678285642
73,73,4-11,4-11.02,4-11.02,COASTAL PLAIN OF LOS ANGELES,HOLLYWOOD,  10108.09300000000,A,4,  40689.26157160000,      0.41315933540,      0.00398095368
74,74,7-51,,7-51,LOST HORSE VALLEY,,  17454.72500000000,C,4, 143086.21106900001,      1.42922359077,      0.00683314832
75,75,7-20,,7-20,MORONGO VALLEY,,   7285.60800000000,C,4,  50565.36361680000,      0.51189923704,      0.00285690759
76,76,4-16,,4-16,HIDDEN VALLEY,,   2216.66500000000,C,4,  23170.22148450000,      0.23797179526,      0.00087450513
77,77,7-6,,7-6,PINTO VALLEY,, 184377.40299999999,A,4, 650043.47690799995,      6.48280003845,      0.07197788785
78,78,4-19,,4-19,THOUSAND OAKS AREA,,   3114.75700000000,C,4,  29712.72156950000,      0.29647263319,      0.00122880221
79,79,4-20,,4-20,RUSSELL VALLEY,,   3087.22700000000,A,4,  23856.68305100000,      0.24069898593,      0.00121785589
80,80,7-12,,7-12,WARREN VALLEY,,  23951.79000000000,A,4, 146842.15981899999,      1.47132965554,      0.00939073403
81,81,4-13,,4-13,SAN GABRIEL VALLEY,, 127278.42000000000,A,4, 293712.34410699998,      2.96295405665,      0.05008332589
82,82,7-62,,7-62,JOSHUA TREE,,  27421.60800000000,A,4, 128356.68776700000,      1.29033353920,      0.01074395574
83,83,8-2,8-2.01,8-2.01,UPPER SANTA ANA VALLEY,CHINO, 154692.55200000000,A,4, 174610.10079299999,      1.73274225245,      0.06079490204
84,84,8-2,8-2.02,8-2.02,UPPER SANTA ANA VALLEY,CUCAMONGA,   9573.97500000000,C,4,  35139.33603550000,      0.34190581772,      0.00376729358
85,85,8-8,,8-8,SEVEN OAKS VALLEY,,   4103.00400000000,C,4,  26037.09595090000,      0.26864319702,      0.00161251711
86,86,4-10,,4-10,CONEJO,,  18847.94900000000,A,4,  59422.04118110000,      0.60187079298,      0.00743995764
87,87,4-23,,4-23,RAYMOND,,  26310.10200000000,A,4,  63019.47991750000,      0.64001067032,      0.01036694887
88,88,8-7,,8-7,BIG MEADOWS VALLEY,,  14262.59500000000,C,4,  67057.56411000001,      0.68276447338,      0.00560373530
89,89,4-7,,4-7,ARROYO SANTA ROSA VALLEY,,   3746.83700000000,A,4,  21712.55867470000,      0.22689221385,      0.00147986489
90,90,4-6,,4-6,PLEASANT VALLEY,,  21653.58400000000,A,4,  63376.10460960000,      0.63599069960,      0.00855126780
91,91,7-11,,7-11,COPPER MOUNTAIN VALLEY,,  30539.69900000000,A,4, 102889.80972999999,      1.05584804080,      0.01198220300
92,92,4-15,,4-15,TIERRA REJADA,,   4610.75600000000,A,4,  24163.43788610000,      0.24423845203,      0.00182110547
93,93,8-2,8-2.06,8-2.06,UPPER SANTA ANA VALLEY,BUNKER HILL,  80972.22800000000,A,4, 141712.45889499999,      1.44290816539,      0.03182734320
94,94,4-4,4-4.02,4-4.02,SANTA CLARA RIVER VALLEY,OXNARD,  58199.96300000000,A,4, 103616.25467500000,      1.02690348987,      0.02298114835
95,95,7-4,,7-4,RICE VALLEY,, 190622.26999999999,C,4, 269419.06939600001,      2.67021962131,      0.07427357918
96,96,4-9,,4-9,SIMI VALLEY,,  12191.67500000000,A,4,  61920.58325280000,      0.63190495490,      0.00481552900
97,97,4-4,4-4.03,4-4.03,SANTA CLARA RIVER VALLEY,MOUND,  14845.87900000000,A,4,  49503.46916280000,      0.50005817841,      0.00586854790
98,98,7-49,,7-49,PIPES CANYON FAULT VALLEY,,   3407.87200000000,C,4,  27500.76413410000,      0.26841657288,      0.00133943018
99,99,8-9,,8-9,BEAR VALLEY,,  19666.92000000000,A,4,  83989.79107100000,      0.86693328795,      0.00773433931
100,100,4-8,,4-8,LAS POSAS VALLEY,,  42352.67900000000,A,4,  80208.23462920000,      0.82387043583,      0.01673736876
101,101,8-2,8-2.04,8-2.04,UPPER SANTA ANA VALLEY,RIALTO-COLTON,  30224.04500000000,A,4, 162745.01853700000,      1.63928330231,      0.01188797715
102,102,4-12,,4-12,SAN FERNANDO VALLEY,, 145353.62800000000,A,4, 411549.16938899999,      4.15339645593,      0.05734454899
103,103,7-10,,7-10,TWENTYNINE PALMS VALLEY,,  62829.29000000000,C,4,  85923.87197560001,      0.86927944585,      0.02464579511
104,104,7-48,,7-48,HELENDALE FAULT VALLEY,,   2636.45600000000,C,4,  30969.51730830000,      0.31355787362,      0.00103706035
105,105,4-3,4-3.02,4-3.02,VENTURA RIVER VALLEY,LOWER VENTURA RIVER,   5311.88800000000,A,4,  55051.65391330000,      0.54878798723,      0.00210102163
106,106,7-41,,7-41,CALZONA VALLEY,,  81707.62200000000,C,4, 106212.79793500000,      1.04523265718,      0.03185793320
107,107,8-2,8-2.05,8-2.05,UPPER SANTA ANA VALLEY,CAJON,  23305.68700000000,C,4,  90246.04728660001,      0.91537048476,      0.00918826146
108,108,3-18,,3-18,CARPINTERIA,,   8140.19800000000,A,4,  30004.16942270000,      0.30970322757,      0.00322410855
109,109,4-4,4-4.04,4-4.04,SANTA CLARA RIVER VALLEY,SANTA PAULA,  22899.33600000000,A,4,  64176.12788620000,      0.64087139798,      0.00905701660
110,110,3-17,,3-17,SANTA BARBARA,,   6172.97700000000,A,4,  27537.13289760000,      0.28569035885,      0.00244648436
111,111,7-42,,7-42,VIDAL VALLEY,, 139576.92800000001,C,4, 290052.77053200000,      2.87347065971,      0.05447670206
112,112,4-4,4-4.05,4-4.05,SANTA CLARA RIVER VALLEY,FILLMORE,  20841.59000000000,A,4,  50420.86730160000,      0.51257703513,      0.00824638956
113,113,3-49,,3-49,MONTECITO,,   6285.45900000000,A,4,  45663.52569350000,      0.46413485205,      0.00249095865
114,114,7-13,7-13.02,7-13.02,DEADMAN VALLEY,SURPRISE SPRING,  29506.88400000000,C,4,  49968.96322310000,      0.47988792689,      0.01159460032
115,115,4-1,,4-1,UPPER OJAI VALLEY,,   3815.08000000000,A,4,  39009.31802450000,      0.40137374924,      0.00151083943
116,116,3-53,,3-53,FOOTHILL,,   3123.35000000000,A,4,  23804.27368470000,      0.24818496591,      0.00123820360
117,117,4-4,4-4.06,4-4.06,SANTA CLARA RIVER VALLEY,PIRU,   8915.40200000000,A,4,  52908.57462210000,      0.54291428201,      0.00352716523
118,118,3-16,,3-16,GOLETA,,   9228.94000000000,A,4,  40522.81891480000,      0.42071305433,      0.00365865600
119,119,4-2,,4-2,OJAI VALLEY,,   6850.56600000000,A,4,  36648.75955070000,      0.37285501596,      0.00271366074
120,120,4-3,4-3.01,4-3.01,VENTURA RIVER VALLEY,UPPER VENTURA RIVER,   7429.84100000000,C,4,  44064.82735200000,      0.42954644642,      0.00294259765
121,121,7-9,,7-9,DALE VALLEY,, 214649.46500000000,C,4, 524302.81660999998,      5.18731629295,      0.08410511292
122,122,7-17,,7-17,MEANS VALLEY,,  15061.27500000000,C,4,  66767.80902640001,      0.65636265941,      0.00592922003
123,123,4-5,,4-5,ACTON VALLEY,,   8299.98000000000,A,4,  86897.38899219999,      0.86896407943,      0.00328503338
124,124,7-18,7-18.01,7-18.01,JOHNSON VALLEY,SOGGY LAKE,  77864.57900000000,C,4, 221368.70598400000,      2.21412619242,      0.03065999205
125,125,3-15,,3-15,SANTA YNEZ RIVER VALLEY,,    242.79900000000,A,4, 481577.29291999998,      4.85780039468,      0.08138270061
126,126,7-16,,7-16,AMES VALLEY,, 109340.27099999999,C,4, 384656.09806300001,      3.86811592381,      0.04298602162
127,127,4-4,4-4.07,4-4.07,SANTA CLARA RIVER VALLEY,SANTA CLARA RIVER VALLEY EAST,  66416.84800000000,C,4, 305872.81523900002,      3.04439058503,      0.02627524485
128,128,7-18,7-18.02,7-18.02,JOHNSON VALLEY,UPPER JOHNSON VALLEY,  35050.17500000000,C,4,  86184.15621000000,      0.85444584393,      0.01381699863
129,129,7-13,7-13.01,7-13.01,DEADMAN VALLEY,DEADMAN LAKE,  89793.44400000000,C,4, 172320.60205500000,      1.70349825348,      0.03531874475
130,130,7-7,,7-7,CADIZ VALLEY,, 272930.46299999999,C,4, 461199.50208000001,      4.64832959403,      0.10693058718
131,131,7-19,,7-19,LUCERNE VALLEY,, 148467.35399999999,A,4, 463872.78245599999,      4.61635165911,      0.05857888622
132,132,7-50,,7-50,IRON RIDGE AREA,,   5283.75000000000,C,4,  37039.19384860000,      0.37440344913,      0.00208625964
133,133,7-15,,7-15,BESSEMER VALLEY,,  39378.58900000000,C,4, 159825.96941600001,      1.59435977034,      0.01553348801
134,134,6-42,,6-42,UPPER MOJAVE RIVER VALLEY,, 415295.09299999999,A,4, 584765.68093999999,      5.87134542858,      0.16400314924
135,135,6-43,,6-43,EL MIRAGE VALLEY,,  76291.93300000000,A,4, 166873.49682599999,      1.62734282246,      0.03017215414
136,136,6-89,,6-89,KANE WASH AREA,,   5997.37700000000,C,4,  47524.68210990000,      0.47587957978,      0.00237068648
137,137,4-18,,4-18,HUNGRY VALLEY,,   5323.68300000000,C,4,  58704.59144790000,      0.58137201118,      0.00211483278
138,138,4-17,,4-17,LOCKWOOD VALLEY,,  21840.78800000000,A,4,  65286.22152990000,      0.67083261252,      0.00867987544
139,139,5-83,,5-83,CUDDY RANCH AREA,,   4213.01700000000,C,4,  22378.39257880000,      0.22939321497,      0.00167532075
140,140,7-43,,7-43,CHEMEHUEVI VALLEY,, 275713.16600000003,A,4, 502971.95905900002,      5.02127409847,      0.10799879710
141,141,5-82,,5-82,CUDDY CANYON VALLEY,,   3308.00800000000,C,3,  41247.95477260000,      0.41301199898,      0.00131546738
142,142,7-8,,7-8,BRISTOL VALLEY,, 501834.38799999998,A,4,1018540.33077999996,     10.13461399860,      0.19732822230
143,143,5-84,,5-84,CUDDY VALLEY,,   3473.59200000000,A,3,  31228.00019710000,      0.32496986159,      0.00138194878
144,144,5-85,,5-85,MIL POTRERO AREA,,   2314.00500000000,C,3,  23811.33826920000,      0.23962949947,      0.00092093052
145,145,3-14,,3-14,SAN ANTONIO CREEK VALLEY,,  81941.17000000000,A,4, 165074.39933900000,      1.69041467711,      0.03263652748
146,146,5-29,,5-29,CASTAC LAKE VALLEY,,   3573.34900000000,C,3,  49936.61956330000,      0.50368782821,      0.00142133412
147,147,7-14,,7-14,LAVIC VALLEY,, 103132.07000000001,C,4, 281412.03878300003,      2.78160429619,      0.04072363814
148,148,6-32,,6-32,BROADWELL VALLEY,,  92687.98100000000,C,4, 297635.57528599998,      2.98333215483,      0.03661950161
149,149,6-41,,6-41,MIDDLE MOJAVE RIVER VALLEY,, 212594.95699999999,A,4, 630214.59418599994,      6.34098072137,      0.08421911710
150,150,6-90,,6-90,CADY FAULT AREA,,   8015.04900000000,C,4,  44881.80029790000,      0.44817428174,      0.00317302851
151,151,7-3,,7-3,WARD VALLEY,, 564569.36800000002,A,4, 946848.85400900000,      9.46849786700,      0.22118260343
152,152,6-40,,6-40,LOWER MOJAVE RIVER VALLEY,, 287562.90700000001,A,4, 616980.72928700002,      6.19056475451,      0.11390779076
153,153,5-80,,5-80,BRITE VALLEY,,   3180.52800000000,A,3,  32416.02602700000,      0.31860634866,      0.00126824659
154,154,5-27,,5-27,CUMMINGS VALLEY,,  10051.07500000000,A,3,  42911.01552090000,      0.42754191100,      0.00400878585
155,155,6-38,,6-38,CAVES CANYON VALLEY,,  73542.27200000000,A,4, 174356.72725000000,      1.74019441071,      0.02915796186
156,156,3-45,,3-45,HUASNA VALLEY,,   4705.65500000000,C,3,  54319.00824640000,      0.52206789446,      0.00188205176
157,157,7-44,,7-44,NEEDLES VALLEY,,  89101.26300000001,A,4, 181790.01136199999,      1.81586052248,      0.03506649032
158,158,5-28,,5-28,TEHACHAPI VALLEY WEST,,  14853.53800000000,A,3,  52367.66077490000,      0.51591923352,      0.00592422967
159,159,3-12,,3-12,SANTA MARIA,, 184247.70300000001,A,4, 289231.30793100002,      2.89978086686,      0.07354026563
160,160,7-2,,7-2,FENNER VALLEY,, 457632.45899999997,A,4, 726852.81821499998,      7.21982270599,      0.18037911540
161,161,6-44,,6-44,ANTELOPE VALLEY,,1014596.38600000006,A,4,1496311.85718000005,     15.11982440390,      0.40258583111
162,162,3-13,,3-13,CUYAMA VALLEY,, 242114.12899999999,A,4, 579134.40552599996,      5.88192473151,      0.09648114679
163,163,6-45,,6-45,TEHACHAPI VALLEY EAST,,  24054.79600000000,C,4, 163160.42292200000,      1.63301235322,      0.00959305248
164,164,6-37,,6-37,COYOTE LAKE VALLEY,,  88734.59500000000,A,4, 242544.87481300000,      2.42120430758,      0.03523646547
165,165,3-47,,3-47,BIG SPRING AREA,,   7331.61400000000,C,3,  52891.83968420000,      0.53782106847,      0.00293497653
166,166,6-36,6-36.01,6-36.01,LANGFORD VALLEY,LANGFORD WELL LAKE,  19456.72500000000,C,4,  81449.42028890000,      0.82122748616,      0.00773286581
167,167,3-46,,3-46,RAFAEL VALLEY,,   2995.76700000000,C,3,  31429.29630620000,      0.30919758339,      0.00119990626
168,168,3-9,,3-9,SAN LUIS OBISPO VALLEY,,  12724.39200000000,A,3,  67620.64661980000,      0.68314190213,      0.00509747284
169,169,6-36,6-36.02,6-36.02,LANGFORD VALLEY,IRWIN,  10557.17500000000,C,4,  50679.19908740000,      0.51501529866,      0.00420034888
170,170,6-31,,6-31,KELSO VALLEY,, 257278.47200000001,C,4, 485606.26407300000,      4.89054773641,      0.10175889945
171,171,3-8,,3-8,LOS OSOS VALLEY,,   6993.54900000000,A,3,  38704.99395260000,      0.39933940264,      0.00280460453
172,172,6-47,,6-47,HARPER VALLEY,, 411826.46600000001,A,4, 743228.97967699997,      7.49821690316,      0.16370363580
173,173,3-43,,3-43,RINCONADA VALLEY,,   2578.88800000000,C,3,  26903.87716050000,      0.27035267007,      0.00103415529
174,174,3-44,,3-44,POZO VALLEY,,   6852.43100000000,C,3,  91414.03417540000,      0.92308646149,      0.00274698145
175,175,3-42,,3-42,CHORRO VALLEY,,   1547.11600000000,C,3,  19837.12594510000,      0.20480004677,      0.00062078784
176,176,6-35,,6-35,CRONISE VALLEY,, 127313.40500000000,C,4, 263462.03760099999,      2.64646561365,      0.05057825025
177,177,7-45,,7-45,PIUTE VALLEY,, 177318.97700000001,C,4, 296335.41097299999,      2.94252701474,      0.06999859843
178,178,3-41,,3-41,MORRO VALLEY,,    645.77200000000,C,3,   8935.03270095000,      0.09139493197,      0.00025921426
179,179,6-77,,6-77,GRASS VALLEY,,  10033.46900000000,C,4,  33582.63139990000,      0.33719249056,      0.00400360185
180,180,5-22,5-22.14,5-22.14,SAN JOAQUIN VALLEY,KERN COUNTY,   1089.91500000000,A,3, 931702.57963599998,      9.54641286962,      0.78158037682
181,181,3-40,,3-40,TORO VALLEY,,    721.61600000000,C,3,  11621.21722800000,      0.11659108732,      0.00028981120
182,182,6-48,,6-48,GOLDSTONE VALLEY,,  28286.71000000000,C,4, 165533.42058899999,      1.66640076747,      0.01126708824
183,183,6-69,,6-69,KELSO LANDER VALLEY,,  11207.72700000000,C,4,  39654.99932020000,      0.39307901288,      0.00448283191
184,184,6-49,,6-49,SUPERIOR VALLEY,, 121084.38499999999,C,4, 433812.66883200000,      4.30847286888,      0.04823737611
185,185,3-19,,3-19,CARRIZO PLAIN,, 210896.09800000000,C,3, 295015.95694499998,      2.98499517326,      0.08437782546
186,186,5-26,,5-26,WALKER BASIN CREEK VALLEY,,   7692.84000000000,C,3,  42178.22921830000,      0.42294938851,      0.00307912885
187,187,6-50,,6-50,CUDDEBACK VALLEY,,  95418.25300000000,C,4, 291764.85735200002,      2.95229623451,      0.03806406562
188,188,6-34,,6-34,SILVER LAKE VALLEY,,  35518.50500000000,C,4,  89862.05809999999,      0.90860778931,      0.01412431113
189,189,3-38,,3-38,CAYUCOS VALLEY,,    335.79900000000,C,3,   7117.19577532000,      0.06653899259,      0.00013492908
190,190,7-1,,7-1,LANFAIR VALLEY,, 158359.47000000000,C,4, 311286.07296999998,      3.07503548866,      0.06268695037
191,191,6-46,,6-46,FREMONT VALLEY,, 336682.21000000002,C,4, 541976.24869599997,      5.53353612943,      0.13423323821
192,192,6-33,,6-33,SODA LAKE VALLEY,, 383560.13500000001,C,4, 947065.72447899997,      9.55019433782,      0.15208121515
193,193,3-39,,3-39,OLD VALLEY,,   1179.09500000000,C,3,  18088.27082340000,      0.17355490714,      0.00047388881
194,194,3-37,,3-37,VILLA VALLEY,,   1357.80700000000,C,3,  20472.77541180000,      0.19871380932,      0.00054584071
195,195,6-24,,6-24,RED PASS VALLEY,,  97088.02499999999,C,4, 224944.95588699999,      2.25262746891,      0.03865590251
196,196,6-25,,6-25,BICYCLE VALLEY,,  90100.20299999999,C,4, 203491.03246300001,      2.08810830352,      0.03592376525
197,197,6-26,,6-26,AVAWATZ VALLEY,,  27825.83600000000,C,4, 103086.13776800000,      1.05204317549,      0.01109657192
198,198,3-36,,3-36,SANTA ROSA VALLEY,,   3524.65200000000,A,3,  47846.90981330000,      0.49291677105,      0.00141795130
199,199,6-23,,6-23,RIGGS VALLEY,,  88274.44700000000,C,4, 236628.76384000000,      2.36793270206,      0.03514050751
200,200,3-35,,3-35,SAN SIMEON VALLEY,,    559.75900000000,A,3,  11080.37438290000,      0.11386660279,      0.00022533674
201,201,6-78,,6-78,DENNING SPRING VALLEY,,   7289.00600000000,C,4,  48411.73734810000,      0.49781557854,      0.00290961540
202,202,6-51,,6-51,PILOT KNOB VALLEY,, 139460.17600000001,C,4, 420171.06562299997,      4.21205476258,      0.05573157179
203,203,6-27,,6-27,LEACH VALLEY,,  61619.96100000000,C,4, 181689.56083900001,      1.86903366356,      0.02462054468
204,204,3-34,,3-34,ARROYO DE LA CRUZ VALLEY,,   1027.63500000000,C,3,  13262.72428670000,      0.13895900955,      0.00041431302
205,205,6-30,,6-30,IVANPAH VALLEY,, 200154.78599999999,C,4, 304021.30311899999,      3.06339411444,      0.07952169078
206,206,6-53,,6-53,SALT WELLS VALLEY,,  29628.79400000000,C,4, 104166.19425299999,      1.04476033070,      0.01187113681
207,207,3-33,,3-33,SAN CARPOFORO VALLEY,,   1053.72500000000,C,3,  12949.15712810000,      0.13471052087,      0.00042507901
208,208,6-22,,6-22,UPPER KINGSTON VALLEY,, 178532.98900000000,C,4, 414606.80676100001,      4.18213039804,      0.07103333149
209,209,6-76,,6-76,BROWN MOUNTAIN VALLEY,,  21862.34700000000,C,4,  69536.44111509999,      0.69127523388,      0.00875475863
210,210,6-21,,6-21,LOWER KINGSTON VALLEY,, 241892.12200000000,C,4, 359909.05404000002,      3.62943986483,      0.09652817486
211,211,6-71,,6-71,LOST LAKE VALLEY,,  23414.11500000000,C,4,  96779.35976490000,      0.95213577265,      0.00937468158
212,212,6-88,,6-88,OWL LAKE VALLEY,,  22402.32600000000,C,4,  99873.22419650000,      0.99758877401,      0.00896686873
213,213,5-22,5-22.10,5-22.10,SAN JOAQUIN VALLEY,PLEASANT VALLEY,  13619.14200000000,B,3, 361552.59203399997,      3.63488778165,      0.05892412579
214,214,5-25,,5-25,KERN RIVER VALLEY,,  79678.37600000000,C,3, 469533.23496500001,      4.69784510957,      0.03198320389
215,215,6-19,,6-19,WINGATE VALLEY,,  71755.21000000001,C,4, 224282.43873600001,      2.25626006087,      0.02875732035
216,216,6-54,,6-54,INDIAN WELLS VALLEY,, 383492.37099999998,A,4, 747643.69806900003,      7.55213732833,      0.15374014242
217,217,6-52,,6-52,SEARLES VALLEY,, 198114.86600000001,C,4, 390252.99535099999,      3.93114879950,      0.07934591040
218,218,3-5,,3-5,CHOLAME VALLEY,,  39847.03500000000,C,3, 181581.61727399999,      1.82360108453,      0.01607770612
219,219,6-29,,6-29,MESQUITE VALLEY,,  89011.76100000000,C,4, 200411.04620000001,      2.00261957113,      0.03554030274
220,220,6-82,,6-82,SPRING CANYON VALLEY,,   4831.55600000000,C,4,  37230.55802410000,      0.37150141446,      0.00194005803
221,221,3-4,3-4.06,3-4.06,SALINAS VALLEY,PASO ROBLES AREA, 597241.00000000000,A,3, 666086.50223099999,      6.55038276739,      0.24050480580
222,222,6-86,,6-86,RHODES HILL AREA,,  15697.38000000000,C,4,  89905.36126260000,      0.90221880144,      0.00629542548
223,223,6-55,,6-55,COSO VALLEY,,  25683.82900000000,C,4,  76157.31067530000,      0.76445925729,      0.01033179210
224,224,6-81,,6-81,BUTTE VALLEY,,   8852.93900000000,C,4,  49438.57379260000,      0.49569124890,      0.00355677387
225,225,6-80,,6-80,MIDDLE PARK CANYON,,   1752.15200000000,C,4,  13850.05473340000,      0.14848159696,      0.00070444551
226,226,6-73,,6-73,WILD HORSE MESA AREA,,   3337.36700000000,C,4,  24568.88792510000,      0.24715749407,      0.00134316778
227,227,6-79,,6-79,CALIFORNIA VALLEY,,  58638.91000000000,C,4, 126206.47752700000,      1.24417509826,      0.02346590522
228,228,3-6,,3-6,LOCKWOOD VALLEY,,  59932.71200000000,C,3, 163719.35661500000,      1.65940009601,      0.02422954888
229,229,6-85,,6-85,GOLD VALLEY,,   3234.11900000000,C,4,  30110.10715370000,      0.30370862401,      0.00129943466
230,230,5-22,5-22.13,5-22.13,SAN JOAQUIN VALLEY,TULE, 469958.77799999999,B,3, 241978.70650900001,      2.50069519886,      0.18960944534
231,231,6-56,,6-56,ROSE VALLEY,,  42709.10100000000,C,4, 118185.38479700001,      1.18597484958,      0.01721012688
232,232,6-72,,6-72,COLES FLAT,,   2960.57600000000,C,4,  21642.27503950000,      0.20721598851,      0.00119358634
233,233,6-70,,6-70,CACTUS FLAT,,   7056.06300000000,C,4,  35278.13722050000,      0.33830724538,      0.00284825301
234,234,6-28,,6-28,PAHRUMP VALLEY,,  93747.44600000000,C,4, 169688.31180299999,      1.68647426516,      0.03758487045
235,235,3-4,3-4.05,3-4.05,SALINAS VALLEY,UPPER VALLEY AQUIFER,  98163.83000000000,A,3, 170703.01600100001,      1.73626498136,      0.03977354502
236,236,6-75,,6-75,WILDROSE CANYON,,   5182.44100000000,C,4,  37788.72243500000,      0.38788430440,      0.00209040956
237,237,3-32,,3-32,PEACH TREE VALLEY,,   9790.64400000000,C,3,  90397.24746940000,      0.91496510718,      0.00397065800
238,238,6-84,,6-84,GREENWATER VALLEY,,  60259.74200000000,C,4, 159461.00420100000,      1.59287500853,      0.02423478041
239,239,6-57,,6-57,DARWIN VALLEY,,  44386.12000000000,C,4, 159861.11427799999,      1.56763385742,      0.01790426466
240,240,3-31,,3-31,HERNANDEZ VALLEY,,   2864.83500000000,C,3,  31077.71439300000,      0.31468345112,      0.00116421119
241,241,6-68,,6-68,SANTA ROSA FLAT,,    411.03000000000,C,4,  87956.32620359999,      0.86359102393,      0.00682169945
242,242,6-13,,6-13,BLACK SPRINGS VALLEY,,  30911.05400000000,C,4,  81896.79069870000,      0.80759688434,      0.01249442692
243,243,5-22,5-22.12,5-22.12,SAN JOAQUIN VALLEY,TULARE LAKE, 524538.90099999995,B,3, 259301.98081499999,      2.58243292369,      0.21210832042
244,244,6-74,,6-74,HARRISBURG FLATS,,  25076.97000000000,C,4, 103884.07225100001,      1.08066397128,      0.01012759447
245,245,3-4,3-4.04,3-4.04,SALINAS VALLEY,FOREBAY AQUIFER,  94024.56700000000,A,3, 116130.42598700000,      1.18549726815,      0.03822426167
246,246,3-30,,3-30,BITTER WATER VALLEY,,  32221.71000000000,C,3, 117942.05615900000,      1.16285214473,      0.01310217749
247,247,6-58,,6-58,PANAMINT VALLEY,, 260754.02700000000,C,4, 377185.18157700001,      3.74025839392,      0.10512982865
248,248,5-71,,5-71,VALLECITOS CREEK VALLEY,,  15109.86500000000,C,3,  56341.66589460000,      0.58206178915,      0.00614820340
249,249,5-22,5-22.11,5-22.11,SAN JOAQUIN VALLEY,KAWEAH, 446282.73300000001,B,3, 431287.11505299999,      4.37657909247,      0.18080730325
250,250,3-29,,3-29,DRY LAKE VALLEY,,   1416.12300000000,C,3,  18250.44371480000,      0.18513039991,      0.00057664668
251,251,3-7,,3-7,CARMEL VALLEY,,   5151.42300000000,C,3,  54436.23935620000,      0.56666282154,      0.00209837747
252,252,6-65,,6-65,COTTONWOOD SPRING AREA,,   3917.74300000000,C,4,  23931.72747010000,      0.23165149754,      0.00158640308
253,253,6-66,,6-66,LEE FLAT,,  20379.90000000000,C,4,  89891.54064320000,      0.89988884115,      0.00825802388
254,254,3-4,3-4.10,3-4.10,SALINAS VALLEY,CORRAL DE TIERRA AREA,  22273.55300000000,C,3,  50009.68574220000,      0.51534540596,      0.00908154306
255,255,6-64,,6-64,MARBLE CANYON AREA,,  10421.55200000000,C,4,  46376.01719730000,      0.44911281887,      0.00422300209
256,256,6-20,,6-20,MIDDLE AMARGOSA VALLEY,, 392861.56500000000,C,4, 736437.23858600005,      7.35155890719,      0.15791779466
257,257,5-23,,5-23,PANOCHE VALLEY,,  33090.09700000000,C,3, 107836.83885000000,      1.12123069787,      0.01348617594
258,258,3-28,,3-28,SAN BENITO RIVER VALLEY,,  24222.58700000000,C,3,  78656.44781640000,      0.78590325747,      0.00986806364
259,259,3-4,3-4.08,3-4.08,SALINAS VALLEY,SEASIDE AREA,  25902.78700000000,B,3,  53941.75535390000,      0.54296582468,      0.01056722558
260,260,3-25,,3-25,TRES PINOS VALLEY,,   3385.42800000000,C,3,  22547.58680840000,      0.22795964126,      0.00138229343
261,261,3-4,3-4.02,3-4.02,SALINAS VALLEY,EAST SIDE AQUIFER,  57451.99300000000,A,3, 111980.34753100001,      1.14127695967,      0.02343488848
262,262,6-63,,6-63,HIDDEN VALLEY,,  18036.80800000000,C,4, 110777.96901299999,      1.08632322424,      0.00732103787
263,263,5-22,5-22.09,5-22.09,SAN JOAQUIN VALLEY,WESTSIDE, 640503.94099999999,C,3, 365194.62624200003,      3.65974803307,      0.26025707072
264,264,3-23,,3-23,UPPER SANTA ANA VALLEY,,   1430.60600000000,C,3,  12918.22174910000,      0.12540581537,      0.00058465783
265,265,6-62,,6-62,RACE TRACK VALLEY,,  14184.20200000000,C,4,  62766.81800670000,      0.61302476914,      0.00576099862
266,266,3-4,3-4.01,3-4.01,SALINAS VALLEY,180/400 FOOT AQUIFER,  84321.08600000000,A,3, 122197.03505799999,      1.22755476174,      0.03440637331
267,267,3-4,3-4.09,3-4.09,SALINAS VALLEY,LANGLEY AREA,  15343.51900000000,B,3,  35676.85741400000,      0.36486882898,      0.00627170381
268,268,3-22,,3-22,SANTA ANA VALLEY,,   2723.64900000000,C,3,  17217.40176700000,      0.17245360074,      0.00111372668
269,269,6-61,,6-61,CAMEO AREA,,   9349.09300000000,C,4,  42090.55633620000,      0.41217906662,      0.00380186385
270,270,3-24,,3-24,QUIEN SABE VALLEY,,   4706.19500000000,C,3,  46923.29179250000,      0.45678603265,      0.00192420683
271,271,3-3,3-3.04,3-3.04,GILROY-HOLLISTER VALLEY,SAN JUAN BAUTISTA AREA,  74304.94000000000,A,3, 189666.06363500000,      1.94387223307,      0.03035303595
272,272,5-22,5-22.08,5-22.08,SAN JOAQUIN VALLEY,KINGS, 977029.73600000003,C,3, 495252.60805500002,      5.05878615558,      0.39782473593
273,273,3-52,,3-52,NEEDLE ROCK POINT,,    479.23900000000,C,3,   8347.07568530000,      0.08973702341,      0.00019636449
274,274,3-3,3-3.02,3-3.02,GILROY-HOLLISTER VALLEY,BOLSA AREA,  20911.60800000000,A,3,  41675.56292110000,      0.41508756030,      0.00856066584
275,275,3-26,,3-26,WEST SANTA CRUZ TERRACE,,    366.45700000000,C,3,  55539.88143700000,      0.56915568036,      0.00322194903
276,276,3-51,,3-51,MAJORS CREEK,,    363.55700000000,C,3,   6422.26528697000,      0.06667273906,      0.00014899401
277,277,5-70,,5-70,LOS BANOS CREEK VALLEY,,   4835.05900000000,C,3,  28820.18484140000,      0.29849751418,      0.00198033556
278,278,3-1,,3-1,SOQUEL VALLEY,,   2514.68400000000,C,3,  17351.50365020000,      0.17453516045,      0.00103060399
279,279,3-3,3-3.03,3-3.03,GILROY-HOLLISTER VALLEY,HOLLISTER AREA,  32729.08300000000,A,3,  83131.48142120001,      0.81854111041,      0.01339658611
280,280,3-2,,3-2,PAJARO VALLEY,,  88061.87100000000,A,3, 122482.39986400001,      1.24868271255,      0.03605181119
281,281,6-17,,6-17,SALINE VALLEY,, 146849.51800000001,C,4, 353443.15178700001,      3.50604620876,      0.05971686321
282,282,3-27,,3-27,SCOTTS VALLEY,,    773.07000000000,C,3,  11473.33350580000,      0.11464320990,      0.00031712246
283,283,3-50,,3-50,FELTON AREA,,   1155.32700000000,C,3,  17234.51272580000,      0.16762200980,      0.00047396277
284,284,3-21,,3-21,SANTA CRUZ PURISIMA FORMATION,,  40165.56100000000,C,3, 125740.46831500001,      1.29037918040,      0.01647199689
285,285,3-20,,3-20,ANO NUEVO AREA,,   2030.15600000000,C,3,  13434.52062440000,      0.13470210766,      0.00083370488
286,286,3-3,3-3.01,3-3.01,GILROY-HOLLISTER VALLEY,LLAGAS AREA,  55967.08200000000,C,3, 138871.91041099999,      1.40599276801,      0.02295216261
287,287,5-22,5-22.05,5-22.05,SAN JOAQUIN VALLEY,CHOWCHILLA, 159318.77900000001,B,3, 148457.14082599999,      1.53438346598,      0.06529026853
288,288,5-22,5-22.06,5-22.06,SAN JOAQUIN VALLEY,MADERA, 393428.57500000001,B,3, 277854.82957599999,      2.84787318189,      0.16093985276
289,289,2-26,,2-26,PESCADERO VALLEY,,   2904.01000000000,C,2,  42652.06611390000,      0.43092053270,      0.00119447333
290,290,6-18,,6-18,DEATH VALLEY,, 926496.10199999996,C,4,1524547.84435999999,     15.28288332980,      0.37419514579
291,291,2-24,,2-24,SAN GREGORIO VALLEY,,   1073.69000000000,C,2,  15168.40847470000,      0.16443942489,      0.00044205463
292,292,6-15,,6-15,DEEP SPRINGS VALLEY,,  30048.03300000000,C,4,  92064.87529090000,      0.91896661450,      0.01231288781
293,293,6-16,,6-16,EUREKA VALLEY,, 129329.04100000000,C,4, 340730.88108299999,      3.36333094724,      0.05289525092
294,294,2-9,2-9.02,2-9.02,SANTA CLARA VALLEY,SANTA CLARA, 190234.59899999999,C,2, 240328.57844000001,      2.49855100031,      0.07831822919
295,295,5-22,5-22.04,5-22.04,SAN JOAQUIN VALLEY,MERCED, 491255.10800000001,B,3, 270620.57945500000,      2.79351232667,      0.20196225115
296,296,2-22,,2-22,HALF MOON BAY TERRACE,,   9189.32300000000,C,2,  78883.57682390000,      0.78701577830,      0.00379032847
297,297,2-9,2-9.03,2-9.03,SANTA CLARA VALLEY,SAN MATEO PLAIN,  37707.48400000000,C,2, 140719.36204599999,      1.44095465371,      0.01555959787
298,298,2-36,,2-36,SAN PEDRO VALLEY,,    701.72200000000,C,2,  10986.57198410000,      0.11313287758,      0.00028990533
299,299,2-9,2-9.01,2-9.01,SANTA CLARA VALLEY,NILES CONE,  57905.49300000000,A,2,  73472.71318160000,      0.75335264826,      0.02390257738
300,300,2-11,,2-11,SUNOL VALLEY,,  16622.91200000000,C,2,  53476.45213640000,      0.55333703755,      0.00686652999
301,301,5-22,5-22.03,5-22.03,SAN JOAQUIN VALLEY,TURLOCK, 347145.92200000002,B,3, 240005.04185899999,      2.50052579146,      0.14316391111
302,302,6-14,,6-14,FISH LAKE VALLEY,,  48333.29700000000,C,4, 104980.57861300001,      1.05986622775,      0.01984420198
303,303,5-22,5-22.07,5-22.07,SAN JOAQUIN VALLEY,DELTA-MENDOTA, 746696.64899999998,B,3, 595673.32813799998,      5.99493427392,      0.30613494692
304,304,2-8,,2-8,CASTRO VALLEY,,   1820.53500000000,C,2,  15682.87939180000,      0.15744120427,      0.00075303337
305,305,2-32,,2-32,VISITACION VALLEY,,   5826.93700000000,C,2,  29723.46842890000,      0.30548716453,      0.00241051481
306,306,2-37,,2-37,SOUTH SAN FRANCISCO,,   2174.97300000000,C,2,  23526.17756890000,      0.24947985798,      0.00090014801
307,307,5-69,,5-69,YOSEMITE VALLEY,,   7465.16300000000,C,3,  71046.57449689999,      0.73505492257,      0.00308336332
308,308,6-11,,6-11,LONG VALLEY,,  72028.41899999999,A,4, 160310.67761099999,      1.64101219318,      0.02969464471
309,309,2-33,,2-33,ISLAIS VALLEY,,   5937.08200000000,C,2,  40522.78532120000,      0.41934703037,      0.00245732965
310,310,2-10,,2-10,LIVERMORE VALLEY,,  69530.96100000000,A,2, 127345.19153800000,      1.30652721402,      0.02875194325
311,311,2-35,,2-35,WESTSIDE,,  25385.55600000000,C,2,  94764.76075950000,      0.95629818830,      0.01050044638
312,312,2-9,2-9.04,2-9.04,SANTA CLARA VALLEY,EAST BAY PLAIN,   4768.70300000000,A,2, 274838.79031299998,      2.81786057248,      0.03200843853
313,313,2-38,,2-38,LOBOS,,   2359.05800000000,A,2,  14680.78268960000,      0.15622755698,      0.00097712716
314,314,2-40,,2-40,DOWNTOWN,,   7634.64200000000,C,2,  48779.04651070000,      0.49912204298,      0.00316178410
315,315,2-39,,2-39,MARINA,,   2186.13800000000,A,2,  23086.68840910000,      0.24312913300,      0.00090570397
316,316,5-22,5-22.02,5-22.02,SAN JOAQUIN VALLEY,MODESTO, 246518.25399999999,B,3, 224104.45437500000,      2.33506997880,      0.10190100899
317,317,2-7,,2-7,SAN RAMON VALLEY,,   7053.14500000000,C,2,  80274.02324540001,      0.81770448159,      0.00292199583
318,318,6-12,,6-12,OWENS VALLEY,, 663457.97600000002,A,4,1219997.71289999993,     12.30092210380,      0.27050397281
319,319,2-28,,2-28,ROSS VALLEY,,   1763.33600000000,C,2,  16984.36110360000,      0.17644863741,      0.00073187114
320,320,6-10,,6-10,ADOBE LAKE VALLEY,,  39977.85500000000,C,4, 133577.50587399999,      1.32473782000,      0.01652685800
321,321,2-29,,2-29,SAN RAFAEL VALLEY,,    874.14600000000,C,2,  13061.50823280000,      0.13301239018,      0.00036294301
322,322,2-31,,2-31,ARROYO DEL HAMBRE VALLEY,,    785.78600000000,C,2,  11273.60319390000,      0.11808564255,      0.00032649185
323,323,2-6,,2-6,YGNACIO VALLEY,,  15459.19000000000,C,2,  55980.27815100000,      0.56341706260,      0.00641708068
324,324,2-4,,2-4,PITTSBURG PLAIN,,  11606.57500000000,C,2,  44232.03090960000,      0.46406434973,      0.00482229470
325,325,2-5,,2-5,CLAYTON VALLEY,,  17835.64900000000,C,2,  65875.39788040001,      0.67223695743,      0.00740772092
326,326,5-22,5-22.15,5-22.15,SAN JOAQUIN VALLEY,TRACY, 344883.54100000003,C,2, 237542.05780000001,      2.42420145144,      0.14295055570
327,327,6-9,,6-9,MONO VALLEY,, 173299.28700000001,C,4, 243475.42164499999,      2.49205593289,      0.07181125448
328,328,2-30,,2-30,NOVATO VALLEY,,  20519.12800000000,C,2, 139746.60905299999,      1.42863222090,      0.00853405053
329,329,5-22,5-22.01,5-22.01,SAN JOAQUIN VALLEY,EASTERN SAN JOAQUIN, 707073.13699999999,A,2, 355606.40980700002,      3.65415058529,      0.29346737152
330,330,2-27,,2-27,SAND POINT AREA,,   1405.17300000000,C,2,  15221.06038490000,      0.15477260527,      0.00058560427
331,331,2-2,2-2.03,2-2.03,NAPA-SONOMA VALLEY,NAPA-SONOMA LOWLANDS,  40454.72300000000,C,2, 150255.81256399999,      1.52407267881,      0.01684457063
332,332,2-3,,2-3,SUISUN-FAIRFIELD VALLEY,, 133505.35500000001,C,2, 249287.02487900000,      2.53524159474,      0.05559238312
333,333,2-1,,2-1,PETALUMA VALLEY,,  46042.93300000000,C,2, 137182.65361899999,      1.40444305525,      0.01918438793
334,334,1-57,,1-57,BODEGA BAY AREA,,    657.25300000000,A,2,  34898.39914700000,      0.35658043125,      0.00111644910
335,335,6-8,,6-8,BRIDGEPORT VALLEY,,  32544.56500000000,C,2, 125828.65028700000,      1.27735210390,      0.01353202543
336,336,2-2,2-2.02,2-2.02,NAPA-SONOMA VALLEY,SONOMA VALLEY,  44626.17900000000,C,2, 103770.98100200000,      1.04017112473,      0.01860094762
337,337,6-107,,6-107,SWEETWATER FLAT,,   4746.48800000000,C,2,  55078.15246130000,      0.56327426113,      0.00197766367
338,338,1-61,,1-61,FORT ROSS TERRACE DEPOSITS,,   1558.49500000000,C,2, 148451.76731200001,      1.51310976624,      0.00355628821
339,339,2-19,,2-19,KENWOOD VALLEY,,   5135.07700000000,C,2,  25460.15422280000,      0.26764404694,      0.00214560742
340,340,5-22,5-22.16,5-22.16,SAN JOAQUIN VALLEY,COSUMNES, 280489.79800000001,A,2, 176631.56790400000,      1.80765130011,      0.11694132064
341,341,1-59,,1-59,WILSON GROVE FORMATION HIGHLANDS,,  86399.76500000000,C,2, 233579.68859500001,      2.40741451515,      0.03605317956
342,342,6-106,,6-106,LITTLE ANTELOPE VALLEY,,   2491.37100000000,C,2,  17847.13976020000,      0.18098796147,      0.00103993827
343,343,5-21,5-21.66,5-21.66,SACRAMENTO VALLEY,SOLANO, 424832.27899999998,C,2, 223522.74691099999,      2.31157286926,      0.17719456831
344,344,1-55,1-55.03,1-55.03,SANTA ROSA VALLEY,RINCON VALLEY,   5548.81200000000,C,2,  31188.45537140000,      0.31567516789,      0.00232027624
345,345,1-60,,1-60,LOWER RUSSIAN RIVER VALLEY,,   6639.49700000000,C,2,  84534.68167900000,      0.89344378469,      0.00277654918
346,346,1-55,1-55.01,1-55.01,SANTA ROSA VALLEY,SANTA ROSA PLAIN,  80059.44899999999,A,2, 119073.83283200000,      1.20596800868,      0.03345754800
347,347,5-20,,5-20,BERRYESSA VALLEY,,    665.48100000000,C,2,  20692.42407250000,      0.20505276042,      0.00057615561
348,348,2-2,2-2.01,2-2.01,NAPA-SONOMA VALLEY,NAPA VALLEY,  45894.63900000000,A,2, 164178.60468700001,      1.66699924215,      0.01917233605
349,349,6-105,,6-105,SLINKARD VALLEY,,   4517.36800000000,C,2,  32494.97128640000,      0.31150360294,      0.00188782990
350,350,6-7,,6-7,ANTELOPE VALLEY,,  20124.81300000000,A,2,  59762.77854230000,      0.58473540364,      0.00840832452
351,351,1-49,,1-49,ANNAPOLIS OHLSON RANCH FM HIGHLANDS,,    449.29100000000,C,2, 125884.74103600001,      1.27436660052,      0.00362584724
352,352,5-68,,5-68,POPE VALLEY,,   7177.25700000000,C,2,  83010.02876510000,      0.86906222967,      0.00300706939
353,353,1-50,,1-50,KNIGHTS VALLEY,,   4086.23100000000,C,2,  30187.29809820000,      0.31067334212,      0.00171235581
354,354,5-21,5-21.65,5-21.65,SACRAMENTO VALLEY,SOUTH AMERICAN, 247745.09500000000,C,2, 201909.49230099999,      2.05386990979,      0.10352000630
355,355,5-21,5-21.67,5-21.67,SACRAMENTO VALLEY,YOLO, 225717.82500000001,B,2, 154160.85872600001,      1.63004326350,      0.09452346696
356,356,1-55,1-55.02,1-55.02,SANTA ROSA VALLEY,HEALDSBURG AREA,  15399.98700000000,C,2,  61343.58248480000,      0.60988716629,      0.00645206061
357,357,5-19,,5-19,COLLAYOMI VALLEY,,   6496.46400000000,B,2,  43700.98309570000,      0.44762399464,      0.00272633568
358,358,5-18,,5-18,COYOTE VALLEY,,   6528.14000000000,B,2,  48109.29019780000,      0.49960788702,      0.00274062690
359,359,6-6,,6-6,CARSON VALLEY,,  10481.78900000000,C,2,  57757.60474370000,      0.58742208411,      0.00449233923
360,360,1-54,1-54.02,1-54.02,ALEXANDER VALLEY,CLOVERDALE AREA,   6524.96600000000,C,2,  42017.03191750000,      0.42737089523,      0.00273982459
361,361,5-21,5-21.68,5-21.68,SACRAMENTO VALLEY,CAPAY VALLEY,  24969.62100000000,C,2,  69010.98740010000,      0.68550689885,      0.01048692837
362,362,6-5,6-5.01,6-5.01,TAHOE VALLEY,TAHOE SOUTH,  14813.64500000000,C,2,  72909.99902180000,      0.73491436514,      0.00621988918
363,363,5-30,,5-30,LOWER LAKE VALLEY,,   2403.89500000000,B,1,  25002.07886000000,      0.26475139198,      0.00101127865
364,364,1-21,,1-21,FORT BRAGG TERRACE AREA,,    697.67400000000,C,2, 320843.09269000002,      3.31612299799,      0.01019023595
365,365,1-56,,1-56,McDOWELL VALLEY,,   1486.42600000000,C,2,  15569.33661960000,      0.15303902498,      0.00062573434
366,366,5-17,,5-17,BURNS VALLEY,,   2872.85700000000,B,1,  19907.40308820000,      0.20192858290,      0.00120951219
367,367,5-21,5-21.64,5-21.64,SACRAMENTO VALLEY,NORTH AMERICAN, 340169.98499999999,A,2, 198434.23929900001,      2.03004960566,      0.14276479955
368,368,1-20,,1-20,GARCIA RIVER VALLEY,,   2242.09500000000,C,2,  27134.01223930000,      0.28258326568,      0.00094359091
369,369,5-15,,5-15,BIG VALLEY,,  24212.15200000000,B,1,  59818.73528320000,      0.61124206984,      0.01019271671
370,370,1-53,,1-53,SANEL VALLEY,,   5568.07500000000,C,2,  52569.65853920000,      0.54280503259,      0.00234434269
371,371,5-16,,5-16,HIGH VALLEY,,   2356.04900000000,B,1,  19421.46296200000,      0.21124917372,      0.00099289623
372,372,5-66,,5-66,CLEAR LAKE CACHE FORMATION,,  29717.31800000000,B,1,  78876.19077420000,      0.81005650596,      0.01251339229
373,373,5-14,,5-14,SCOTTS VALLEY,,   7320.21700000000,B,1,  40499.18971580000,      0.41501395076,      0.00308518729
374,374,1-19,,1-19,ANDERSON VALLEY,,   4969.05900000000,C,2,  38617.13266650000,      0.39705185554,      0.00209376351
375,375,5-31,,5-31,LONG VALLEY,,   2799.33200000000,B,1,  41964.28056050000,      0.44222285009,      0.00118030796
376,376,5-92,,5-92,BLANCHARD VALLEY,,   1569.29800000000,B,1,  31925.07267320000,      0.29905744915,      0.00093724730
377,377,6-5,6-5.02,6-5.02,TAHOE VALLEY,TAHOE WEST,   6172.52600000000,C,2,  50165.72576410000,      0.50445258386,      0.00259954222
378,378,5-93,,5-93,NORTH FORK CACHE CREEK,,   3474.08000000000,C,1,  40057.04940150000,      0.41040814237,      0.00146552691
379,379,6-108,,6-108,OLYMPIC VALLEY,,    702.39800000000,C,2,   9301.21460897000,      0.10145842379,      0.00029623393
380,380,5-21,5-21.61,5-21.61,SACRAMENTO VALLEY,SOUTH YUBA, 104486.42000000000,C,2, 101418.14430700000,      1.02904310765,      0.04403189360
381,381,5-13,,5-13,UPPER LAKE VALLEY,,   7260.08700000000,B,1,  52773.98639740000,      0.54262680538,      0.00306427209
382,382,5-21,5-21.62,5-21.62,SACRAMENTO VALLEY,SUTTER, 234263.75800000000,C,2, 178537.27701699999,      1.81001167143,      0.09867125846
383,383,1-46,,1-46,NAVARRO RIVER VALLEY,,    769.89000000000,C,2,  18734.18139260000,      0.20362710015,      0.00032503504
384,384,5-64,,5-64,BEAR VALLEY,,   9104.12700000000,B,1,  56918.16581260000,      0.53855142879,      0.00384152940
385,385,6-5,6-5.03,6-5.03,TAHOE VALLEY,TAHOE NORTH,   1931.23900000000,C,2,  14051.91895300000,      0.14636708157,      0.00081487186
386,386,5-94,,5-94,MIDDLE CREEK,,    704.68100000000,B,1,  14660.56474860000,      0.14352893123,      0.00029773082
387,387,5-65,,5-65,LITTLE INDIAN VALLEY,,   1268.57100000000,B,1,   9078.47192903000,      0.09445312494,      0.00053649202
388,388,5-91,,5-91,ANTELOPE CREEK,,   2039.45700000000,B,1,  28646.25722780000,      0.27543826826,      0.00086236909
389,389,1-52,,1-52,UKIAH VALLEY,,  37507.72700000000,C,2, 115091.85412200000,      1.14422141559,      0.01583639708
390,390,1-45,,1-45,BIG RIVER VALLEY,,   1684.62600000000,C,2,  43551.44606570000,      0.45719823437,      0.00071234017
391,391,1-51,,1-51,POTTER VALLEY,,   8236.46600000000,C,2,  40047.76583300000,      0.40986323470,      0.00348402134
392,392,6-67,,6-67,MARTIS VALLEY,,  36381.22400000000,C,2,  83106.91143730000,      0.85301743803,      0.01537181486
393,393,5-90,,5-90,FUNKS CREEK,,   3011.90000000000,C,1,  34529.94858390000,      0.34974629057,      0.00127492994
394,394,5-63,,5-63,STONYFORD TOWN AREA,,   6436.67900000000,B,1,  31418.50948000000,      0.31864257941,      0.00272536584
395,395,1-48,,1-48,GRAVELLY VALLEY,,   2973.93700000000,C,1,  23813.75012320000,      0.24199837683,      0.00126020967
396,396,1-13,,1-13,LITTLE LAKE VALLEY,,  10017.90400000000,A,1,  34320.86900210000,      0.34192163670,      0.00424297976
397,397,5-89,,5-89,SQUAW FLAT,,   1293.50700000000,C,1,  13787.11058110000,      0.14225152204,      0.00054840453
398,398,5-88,,5-88,STONY GORGE RESERVOIR,,   1064.75700000000,B,1,  13829.48928950000,      0.12871657981,      0.00045146165
399,399,1-41,,1-41,LITTLE VALLEY,,    811.96300000000,C,2,  12181.08954170000,      0.12405349612,      0.00034427515
400,400,1-42,,1-42,SHERWOOD VALLEY,,   1149.84600000000,C,1,  17489.86437180000,      0.18801506530,      0.00048782700
401,401,1-40,,1-40,TEN MILE RIVER VALLEY,,   1491.09200000000,C,2,  35338.24618940000,      0.36692826020,      0.00063264014
402,402,5-62,,5-62,ELK CREEK AREA,,   1438.32600000000,B,1,  11795.36382540000,      0.12586204931,      0.00061087219
403,403,1-44,,1-44,EDEN VALLEY,,   1376.35000000000,C,1,  17847.62855680000,      0.17996413185,      0.00058471525
404,404,1-12,,1-12,LAYTONVILLE VALLEY,,    405.46500000000,A,1,  45816.58064460000,      0.46673772549,      0.00213389735
405,405,5-21,5-21.59,5-21.59,SACRAMENTO VALLEY,EAST BUTTE, 265312.32500000001,B,1, 187053.93055600001,      1.88726075571,      0.11238880408
406,406,1-39,,1-39,BRANSCOMB TOWN AREA,,   1381.12400000000,C,1,  23802.04520010000,      0.24243781478,      0.00058704891
407,407,5-61,,5-61,CHROME TOWN AREA,,   1408.15700000000,B,1,  18252.57256450000,      0.17150623920,      0.00059905268
408,408,5-21,5-21.58,5-21.58,SACRAMENTO VALLEY,WEST BUTTE, 181479.29900000000,B,1, 182113.63494100000,      1.81746151080,      0.07696552154
409,409,1-38,,1-38,LOWER LAYTONVILLE VALLEY,,   2151.55300000000,C,1,  22485.72063370000,      0.21919331996,      0.00091535886
410,410,5-11,,5-11,MOHAWK VALLEY,,  18987.08300000000,B,1,  70462.17560330000,      0.73791285757,      0.00807420002
411,411,5-60,,5-60,HUMBUG VALLEY,,   9979.15200000000,B,1,  47200.02621960000,      0.48595302018,      0.00424554889
412,412,5-21,5-21.52,5-21.52,SACRAMENTO VALLEY,COLUSA, 917792.66099999996,B,1, 493498.78374400001,      4.99744139881,      0.38761524772
413,413,5-12,5-12.01,5-12.01,SIERRA VALLEY,SIERRA VALLEY,    331.02400000000,B,1, 261979.68422900001,      2.69217098634,      0.05000596202
414,414,1-37,,1-37,COTTONEVA CREEK VALLEY,,    763.09700000000,C,2,  18503.00420570000,      0.18866728710,      0.00032476093
415,415,5-12,5-12.02,5-12.02,SIERRA VALLEY,CHILCOOT,   7550.64000000000,B,1,  36394.64546570000,      0.36182319653,      0.00321166723
416,416,1-11,,1-11,COVELO ROUND VALLEY,,  16395.75700000000,C,1,  42142.49197370000,      0.43132660638,      0.00698170283
417,417,5-87,,5-87,MIDDLE FORK FEATHER RIVER,,   4341.87400000000,B,1,  38451.26368870000,      0.40616201170,      0.00184930519
418,418,1-43,,1-43,WILLIAMS VALLEY,,   1642.11600000000,C,1,  18634.69993030000,      0.19957867918,      0.00069982810
419,419,6-104,,6-104,LONG VALLEY,,  46835.63900000000,B,1, 102772.59808800000,      1.00846208341,      0.01990901310
420,420,5-59,,5-59,GRIZZLY VALLEY,,  13441.34200000000,B,1,  53524.37937150000,      0.56404880950,      0.00572868065
421,421,5-10,,5-10,AMERICAN VALLEY,,   6799.01800000000,B,1,  51691.16306960000,      0.55025988566,      0.00289963879
422,422,5-95,,5-95,MEADOW VALLEY,,   5734.10200000000,B,1,  31917.86066430000,      0.33024147441,      0.00244565667
423,423,5-21,5-21.51,5-21.51,SACRAMENTO VALLEY,CORNING, 205472.81899999999,B,1, 175648.48103900001,      1.85595754634,      0.08757432885
424,424,5-9,,5-9,INDIAN VALLEY,,    124.83700000000,B,1, 215475.09876500000,      2.21528886843,      0.01257374976
425,425,5-21,5-21.57,5-21.57,SACRAMENTO VALLEY,VINA, 124577.44200000000,B,1, 106069.71318900000,      1.08606313574,      0.05308169017
426,426,5-58,,5-58,CLOVER VALLEY,,  16783.89300000000,B,1, 101139.82786100000,      1.05858238202,      0.00715835321
427,427,5-21,5-21.56,5-21.56,SACRAMENTO VALLEY,LOS MOLINOS,  33147.91900000000,B,1,  51158.34833740000,      0.53270016020,      0.01415756838
428,428,5-57,,5-57,LAST CHANCE CREEK VALLEY,,   4658.83100000000,B,1,  53523.46594520000,      0.56533713819,      0.00199054721
429,429,5-56,,5-56,YELLOW CREEK VALLEY,,   2311.05700000000,B,1,  16146.58395630000,      0.16674127876,      0.00098869345
430,430,1-32,,1-32,GARBERVILLE TOWN AREA,,   2111.72900000000,B,1,  25691.07215920000,      0.26310871855,      0.00090329207
431,431,5-21,5-21.55,5-21.55,SACRAMENTO VALLEY,DYE CREEK,  27708.96200000000,B,1,  52477.41942840000,      0.53192981331,      0.01185269119
432,432,5-21,5-21.54,5-21.54,SACRAMENTO VALLEY,ANTELOPE,  18695.90900000000,B,1,  44923.51868790000,      0.45929890919,      0.00800550805
433,433,5-8,,5-8,MOUNTAIN MEADOWS VALLEY,,   3564.60600000000,B,1,  77640.08945860001,      0.82666737797,      0.00349036355
434,434,5-21,5-21.50,5-21.50,SACRAMENTO VALLEY,RED BLUFF, 274489.25500000000,B,1, 183254.38743199999,      1.93651544139,      0.11741540921
435,435,1-29,,1-29,HONEYDEW TOWN AREA,,   2368.60200000000,B,1,  24609.86541330000,      0.26182383192,      0.00101512940
436,436,1-36,,1-36,HETTENSHAW VALLEY,,    846.35700000000,B,1,   9979.00518921000,      0.09967190968,      0.00036298500
437,437,5-21,5-21.53,5-21.53,SACRAMENTO VALLEY,BEND,  21747.49600000000,B,1,  56484.13530000000,      0.59577168373,      0.00932597763
438,438,5-7,,5-7,LAKE ALMANOR VALLEY,,   7152.17700000000,B,1,  33975.96225760000,      0.34946741186,      0.00306709892
439,439,5-6,5-6.01,5-6.01,REDDING AREA,BOWMAN,  78425.54800000000,B,1, 117642.59979500000,      1.26622608036,      0.03363938710
440,440,5-6,5-6.02,5-6.02,REDDING AREA,ROSEWOOD,  46454.50200000000,B,1,  80361.23846470000,      0.87212911541,      0.01993892316
441,441,1-28,,1-28,MATTOLE RIVER VALLEY,,   3150.20300000000,B,1,  32365.65515250000,      0.34470468932,      0.00135134304
442,442,5-6,5-6.06,5-6.06,REDDING AREA,SOUTH BATTLE CREEK,  33835.10900000000,B,1,  58756.02166310000,      0.61885038442,      0.01452679156
443,443,1-31,,1-31,WEOTT TOWN AREA,,   3652.73600000000,B,1,  52940.79121920000,      0.55696515921,      0.00156750938
444,444,6-4,,6-4,HONEY LAKE VALLEY,, 311741.01899999997,B,1, 308807.65574100002,      3.23745959772,      0.13345032461
445,445,1-62,,1-62,WILSON POINT AREA,,    709.42600000000,B,1,  13053.94382870000,      0.12339541762,      0.00030485481
446,446,1-33,,1-33,LARABEE VALLEY,,    966.54400000000,B,1,  11874.59589900000,      0.12367440727,      0.00041548531
447,447,1-30,,1-30,PEPPERWOOD TOWN AREA,,   6287.97600000000,B,1,  41947.21175830000,      0.46167111529,      0.00270231870
448,448,1-34,,1-34,DINSMORES TOWN AREA,,   2276.14400000000,B,1,  30375.02095520000,      0.31505681171,      0.00097873801
449,449,6-3,,6-3,WILLOW CREEK VALLEY,,  11697.92700000000,B,1,  45299.73975250000,      0.47565009656,      0.00503188199
450,450,5-50,,5-50,NORTH FORK BATTLE CREEK,,  12755.11900000000,B,1,  94171.78911220000,      1.02007161167,      0.00548805629
451,451,5-6,5-6.03,5-6.03,REDDING AREA,ANDERSON,  96856.63400000001,B,1, 118838.31850900000,      1.23848285023,      0.04164106789
452,452,6-100,,6-100,SECRET VALLEY,,  33680.28700000000,B,1, 118132.10934300000,      1.23597656207,      0.01447827610
453,453,1-6,,1-6,HAYFORK VALLEY,,   3294.87400000000,B,1,  38158.24487650000,      0.40582834876,      0.00141876361
454,454,6-101,,6-101,BULL FLAT,,    455.87800000000,B,1,   6742.99973933000,      0.06694849309,      0.00019619430
455,455,6-101,,6-101,BULL FLAT,,  17694.92000000000,B,1, 104890.48046700000,      1.05487354336,      0.00760546765
456,456,6-92,,6-92,PINE CREEK VALLEY,,   9525.61600000000,B,1,  49343.32381910000,      0.51582872362,      0.00410090266
457,457,6-97,,6-97,HORSE LAKE VALLEY,,   2254.67800000000,B,1,  20811.58597290000,      0.21577750159,      0.00097112819
458,458,5-6,5-6.05,5-6.05,REDDING AREA,MILLVILLE,  65226.39800000000,B,1,  86612.16002270000,      0.86590327021,      0.02806745567
459,459,5-52,,5-52,GRAYS VALLEY,,   5439.57700000000,B,1,  37275.33785410000,      0.39001729707,      0.00234418390
460,460,5-51,,5-51,BUTTE CREEK VALLEY,,   3226.56400000000,B,1,  24097.96242710000,      0.24045537194,      0.00139068593
461,461,6-97,,6-97,HORSE LAKE VALLEY,,    251.41000000000,B,1,   4163.66466277000,      0.04149936889,      0.00010835287
462,462,1-35,,1-35,HYAMPOM VALLEY,,   1353.76900000000,B,1,  15124.03641640000,      0.15733004406,      0.00058354967
463,463,5-6,5-6.04,5-6.04,REDDING AREA,ENTERPRISE,  60862.06500000000,B,1,  74798.27728530001,      0.76496512855,      0.02621244713
464,464,6-96,,6-96,EAGLE LAKE AREA,,  12699.78000000000,B,1,  39671.94591420000,      0.39659815953,      0.00547034861
465,465,6-93,,6-93,HARVEY VALLEY,,   4502.52600000000,B,1,  36963.86039220000,      0.39096628978,      0.00194125243
466,466,6-97,,6-97,HORSE LAKE VALLEY,,   1321.23700000000,B,1,  15975.93599960000,      0.15889766978,      0.00056950581
467,467,5-49,,5-49,DRY BURNEY CREEK VALLEY,,   3074.36900000000,B,1,  22163.70378230000,      0.23362913611,      0.00132680178
468,468,1-10,,1-10,EEL RIVER VALLEY,,  73700.58900000001,B,1, 133167.73508899999,      1.41465034773,      0.03174161027
469,469,6-99,,6-99,PAINTERS FLAT,,   6395.29000000000,B,1,  33663.57490400000,      0.34547351210,      0.00275866706
470,470,5-53,,5-53,DIXIE VALLEY,,   4866.08400000000,B,1,  29140.21924620000,      0.31523540084,      0.00210418503
471,471,1-9,,1-9,EUREKA PLAIN,,  33946.96700000000,B,1, 146733.54389900001,      1.50646804741,      0.01615081733
472,472,5-48,,5-48,BURNEY CREEK VALLEY,,   2351.65600000000,B,1,  15432.93381430000,      0.15281303185,      0.00101757967
473,473,6-94,,6-94,GRASSHOPPER VALLEY,,  17665.37100000000,B,1,  59215.71688380000,      0.60104270635,      0.00763411429
474,474,6-95,,6-95,DRY VALLEY,,   6498.22900000000,B,1,  38267.19486880000,      0.38190900286,      0.00280904372
475,475,5-47,,5-47,GOOSE VALLEY,,   4208.11000000000,B,1,  17370.51777680000,      0.17707521432,      0.00182203489
476,476,5-5,,5-5,FALL RIVER VALLEY,,    712.82400000000,B,1, 103400.66401399999,      1.08068557801,      0.02376681140
477,477,1-8,1-8.02,1-8.02,MAD RIVER VALLEY,MAD RIVER LOWLAND,  25569.63600000000,B,1,  80027.63347180000,      0.81876825965,      0.01106274902
478,478,5-46,,5-46,LAKE BRITTON AREA,,  14054.58800000000,B,1,  68120.95995999999,      0.73320030404,      0.00608992578
479,479,6-98,,6-98,TULEDAD CANYON VALLEY,,   5166.68800000000,B,1,  33243.52341840000,      0.34893438353,      0.00223722124
480,480,6-2,,6-2,MADELINE PLAINS,, 156152.24500000000,B,1, 265183.81954000000,      2.75497340931,      0.06749533656
481,481,5-45,,5-45,CAYTON VALLEY,,   1306.07700000000,B,1,   9949.28978018000,      0.09816242795,      0.00056644380
482,482,1-8,1-8.01,1-8.01,MAD RIVER VALLEY,DOWS PRAIRIE SCHOOL AREA,  13981.42700000000,B,1,  36756.30401990000,      0.37484940176,      0.00605598877
483,483,5-54,,5-54,ASH VALLEY,,   6007.76900000000,B,1,  31320.38382060000,      0.32291528299,      0.00260474186
484,484,1-7,,1-7,HOOPA VALLEY,,   3894.39100000000,B,1,  28974.72310630000,      0.29361509444,      0.00168952350
485,485,5-44,,5-44,LONG VALLEY,,   1087.53300000000,B,1,  15061.01804540000,      0.14125647311,      0.00047198911
486,486,5-38,,5-38,PONDOSA TOWN AREA,,   2081.81200000000,B,1,  21165.98674090000,      0.22397427516,      0.00090472640
487,487,1-27,,1-27,BIG LAGOON AREA,,  13343.02100000000,B,1,  61845.10572180000,      0.63135860503,      0.00579024977
488,488,5-40,,5-40,HOT SPRINGS VALLEY,,   2404.20600000000,B,1,  25924.01342660000,      0.26105905880,      0.00104496018
489,489,5-36,,5-36,ROUND VALLEY,,   7265.81400000000,B,1,  39216.42585250000,      0.42258400044,      0.00315855188
490,490,5-3,,5-3,JESS VALLEY,,   6708.34000000000,B,1,  26668.15459560000,      0.26651096826,      0.00291441654
491,491,5-43,,5-43,ROCK PRAIRIE VALLEY,,   5739.79400000000,B,1,  28158.26384860000,      0.29826620286,      0.00249592483
492,492,5-4,,5-4,BIG VALLEY,,  92049.54399999999,B,1, 149947.83445400000,      1.53112842903,      0.03996563909
493,493,5-41,,5-41,EGG LAKE VALLEY,,   4101.05000000000,B,1,  23700.53389980000,      0.24491862172,      0.00178541595
494,494,5-35,,5-35,MCCLOUD AREA,,  21320.33400000000,B,1,  69870.15191960000,      0.70043000301,      0.00928022731
495,495,1-26,,1-26,REDWOOD CREEK AREA,,   1995.55900000000,B,1,  29544.97712630000,      0.30093767081,      0.00086867520
496,496,5-37,,5-37,TOAD WELL AREA,,   3355.70800000000,B,1,  16096.20583740000,      0.15770672835,      0.00146257317
497,497,1-25,,1-25,PRAIRIE CREEK AREA,,  20012.83200000000,B,1,  72319.66038360000,      0.73104195170,      0.00872442143
498,498,5-2,5-2.02,5-2.02,ALTURAS AREA,WARM SPRINGS VALLEY,  68009.22199999999,B,1, 152215.90815000000,      1.58955116141,      0.02965455007
499,499,5-2,5-2.01,5-2.01,ALTURAS AREA,SOUTH FORK PITT RIVER, 114163.66499999999,B,1, 289759.94693899999,      3.01721670508,      0.04973981856
500,500,5-86,,5-86,JOSEPH CREEK,,   4458.02500000000,B,1,  33352.68545150000,      0.34985101928,      0.00194819547
501,501,1-22,,1-22,FAIRCHILD SWAMP VALLEY,,   3277.83400000000,B,1,  20012.27188110000,      0.19547125719,      0.00143289620
502,502,1-14,,1-14,LOWER KLAMATH RIVER VALLEY,,   7025.63400000000,B,1,  79459.44309780000,      0.82645116967,      0.00306910733
503,503,1-5,,1-5,SCOTT RIVER VALLEY,,  63780.27800000000,B,1, 384940.22963700001,      3.98670890134,      0.02786364788
504,504,1-17,,1-17,BRAY TOWN AREA,,   8027.23400000000,B,1,  45479.95270150000,      0.47140958710,      0.00351256004
505,505,1-18,,1-18,RED ROCK VALLEY,,   8995.62400000000,B,1,  49038.92517820000,      0.52662337885,      0.00394337971
506,506,1-4,,1-4,SHASTA VALLEY,SHASTA VALLEY,  52589.33100000000,B,1, 294472.07263100002,      3.08921272213,      0.02302907503
507,507,1-15,,1-15,HAPPY CAMP TOWN AREA,,   2771.10400000000,B,1,  34222.76058860000,      0.35307682573,      0.00121556655
508,508,5-1,5-1.01,5-1.01,GOOSE LAKE,GOOSE VALLEY,  35966.20200000000,B,1, 111490.55260800000,      1.12642277280,      0.01574475545
509,509,1-16,,1-16,SEIAD VALLEY,,   2243.25700000000,B,1,  31439.74124370000,      0.33800179012,      0.00098483515
510,510,6-1,,6-1,SURPRISE VALLEY,, 228460.16600000000,B,1, 278184.18370300002,      2.69313345280,      0.09970363872
511,511,6-91,,6-91,COW HEAD LAKE VALLEY,,   5625.25900000000,B,1,  21428.08520130000,      0.22162737343,      0.00246922965
512,512,5-1,5-1.02,5-1.02,GOOSE LAKE,FANDANGO VALLEY,  18438.62500000000,B,1,  65766.88840529999,      0.66452871660,      0.00809247088
513,513,1-2,1-2.02,1-2.02,KLAMATH RIVER VALLEY,LOWER KLAMATH,  75332.65700000001,B,1, 151248.01005300001,      1.57286797599,      0.03310918763
514,514,1-3,,1-3,BUTTE VALLEY,,  79688.64300000000,B,1, 145378.91099300000,      1.49578285549,      0.03499880758
515,515,1-1,,1-1,SMITH RIVER PLAIN,,  40446.31000000000,B,1,  87000.30688170000,      0.86300256374,      0.01775174218
516,516,5-21,5-21.60,5-21.60,SACRAMENTO VALLEY,NORTH YUBA, 203557.23000000001,C,2, 119210.81601100000,      1.19054118621,      0.04361449026
517,517,1-2,1-2.01,1-2.01,KLAMATH RIVER VALLEY,TULELAKE,  85934.23699999999,B,1, 118853.83741500000,      1.21307509971,      0.03775331775
518,518,1-54,1-54.01,1-54.01,ALEXANDER VALLEY,ALEXANDER AREA,  24464.42900000000,C,2,  82729.07882420000,      0.84713226922,      0.01025226210
